position,grade
1,6
2,4
3,7
4,5
5,2
6,8
7,6
8,6
9,2
10,4
11,4
12,7
13,5
14,6
15,4
16,3
17,5
18,2
19,6
20,5
21,6
22,4
23,8
24,7
25,6
26,3
27,4
28,1
29,3
30,5
31,6
32,8
33,4
34,4
35,4
36,3
37,2
38,4
39,3
40,5
41,4
42,6
43,6
44,4
45,6
46,6
47,4
48,3
49,5
50,2
51,3
52,1
53,6
54,5
55,6
56,6
57,4
58,5
59,2
60,2
61,5
62,4
63,5
64,6
65,5
66,5
67,5
68,4
69,1
70,4
71,3
72,4
73,7
74,3
75,2
76,3
77,3
78,5
79,5
80,6
81,5
82,4
83,6
84,3
85,1
86,2
87,6
88,4
89,3
90,5
91,3
92,5
93,4
94,4
95,4
96,5
97,4
98,2
99,2
100,8
101,7
102,5
103,3
104,8
105,6
106,6
107,4
108,3
109,2
110,7
111,4
112,3
113,4
114,5
115,3
116,7
117,6
118,6
119,4
120,5
121,5
122,5
123,1
124,3
125,1
126,4
127,3
128,2
129,1
130,4
131,2
132,7
133,4
134,3
135,4
136,1
137,8
138,4
139,6
140,1
141,4
142,4
143,7
144,4
145,4
146,2
147,3
148,4
149,3
150,1
151,6
152,7
153,2
154,4
155,1
156,5
157,3
158,5
159,5
160,5
161,1
162,7
163,2
164,1
165,4
166,3
167,6
168,6
169,3
170,8
171,3
172,4
173,2
174,7
175,2
176,1
177,3
178,9
179,7
180,5
181,7
182,7
183,4
184,3
185,5
186,5
187,3
188,1
189,5
190,2
191,7
192,2
193,2
194,6
195,2
196,2
197,4
198,6
199,2
200,3
201,5
202,8
203,4
204,2
205,1
206,2
207,2
208,5
209,2
210,4
211,5
212,4
213,2
214,6
215,5
216,5
217,2
218,2
219,7
220,3
221,3
222,4
223,5
224,8
225,3
226,7
227,1
228,4
229,4
230,1
231,2
232,3
233,8
234,4
235,7
236,6
237,4
238,6
239,1
240,1
241,6
242,6
243,2
244,4
245,4
246,6
247,4
248,3
249,3
250,3
251,5
252,6
253,3
254,2
255,2
256,5
257,6
258,1
259,1
260,4
261,2
262,6
263,3
264,2
265,7
266,2
267,3
268,2
269,1
270,1
271,1
272,2
273,1
274,4
275,5
276,3
277,3
278,4
279,6
280,6
281,1
282,2
283,2
284,2
285,4
286,3
287,1
288,3
289,4
290,1
291,6
292,1
293,7
294,1
295,6
296,7
297,8
298,6
299,5
300,5
301,5
302,2
303,4
304,4
305,6
306,4
307,3
308,4
309,2
310,2
311,4
312,3
313,2
314,3
315,3
316,3
317,3
318,5
319,3
320,7
321,7
322,4
323,3
324,4
325,6
326,5
327,6
328,4
329,4
330,3
331,5
332,2
333,5
334,6
335,2
336,4
337,1
338,5
339,1
340,7
341,2
342,8
343,6
344,4
345,6
346,6
347,7
348,2
349,4
350,1
351,4
352,2
353,4
354,4
355,4
356,4
357,5
358,6
359,4
360,8
361,9
362,4
363,4
364,4
365,8
366,7
367,8
368,8
369,6
370,9
371,8
372,6
373,6
374,6
375,5
376,5
377,9
378,7
379,7
380,8
381,7
382,9
383,8
384,7
385,7
386,9
387,8
388,9
389,4
390,9
391,8
392,5
393,7
394,8
395,2
396,7
397,8
398,6
399,7
400,7
401,6
402,9
403,8
404,4
405,9
406,9
407,6
408,8
409,4
410,9
411,8
412,8
413,4
414,9
415,2
416,6
417,5
418,8
419,5
420,9
421,8
422,3
423,1
424,3
425,8
426,8
427,6
428,9
429,3
430,8
431,9
432,8
433,8
434,8
435,3
436,5
437,5
438,7
439,8
440,8
441,9
442,5
443,8
444,5
445,6
446,8
447,9
448,8
449,3
450,8
451,3
452,9
453,8
454,5
455,4
456,5
457,9
458,7
459,8
460,8
461,7
462,5
463,9
464,6
465,7
466,8
467,8
468,9
469,5
470,7
471,7
472,7
473,4
474,5
475,6
476,6
477,7
478,8
479,8
480,7
481,7
482,5
483,7
484,6
485,3
486,7
487,7
488,6
489,7
490,7
491,8
492,8
493,8
494,6
495,8
496,7
497,7
498,8
499,6
500,7
501,8
502,9
503,9
504,7
505,7
506,8
507,6
508,8
509,7
510,4
511,4
512,9
513,3
514,6
515,6
516,5
517,6
518,8
519,2
520,8
521,9
522,7
523,5
524,8
525,4
526,6
527,9
528,9
529,8
530,6
531,8
532,8
533,7
534,8
535,2
536,5
537,7
538,5
539,5
540,8
541,9
542,7
543,8
544,9
545,5
546,7
547,7
548,4
549,8
550,7
551,7
552,5
553,5
554,9
555,3
556,6
557,6
558,7
559,7
560,7
561,4
562,6
563,9
564,8
565,8
566,8
567,8
568,3
569,6
570,7
571,6
572,9
573,7
574,8
575,9
576,7
577,9
578,7
579,9
580,6
581,7
582,7
583,4
584,7
585,9
586,8
587,5
588,6
589,5
590,2
591,9
592,7
593,6
594,8
595,1
596,6
597,5
598,4
599,8
600,4
601,4
602,5
603,7
604,5
605,8
606,6
607,6
608,1
609,5
610,3
611,4
612,5
613,8
614,8
615,3
616,5
617,5
618,3
619,2
620,1
621,5
622,4
623,8
624,4
625,8
626,3
627,6
628,1
629,4
630,6
631,7
632,6
633,1
634,3
635,1
636,1
637,5
638,5
639,5
640,6
641,5
642,6
643,1
644,2
645,4
646,6
647,1
648,4
649,5
650,1
651,3
652,7
653,5
654,2
655,6
656,3
657,6
658,3
659,4
660,3
661,2
662,7
663,2
664,1
665,3
666,5
667,6
668,9
669,3
670,3
671,2
672,4
673,9
674,5
675,4
676,3
677,7
678,4
679,2
680,3
681,1
682,2
683,1
684,3
685,4
686,3
687,3
688,8
689,5
690,4
691,3
692,7
693,2
694,3
695,7
696,4
697,5
698,4
699,5
700,3
701,2
702,3
703,2
704,6
705,3
706,4
707,6
708,6
709,3
710,4
711,9
712,5
713,6
714,7
715,6
716,2
717,4
718,1
719,5
720,8
721,4
722,3
723,1
724,8
725,1
726,1
727,2
728,1
729,3
730,4
731,3
732,1
733,1
734,3
735,1
736,5
737,2
738,3
739,3
740,3
741,1
742,1
743,6
744,1
745,4
746,4
747,3
748,3
749,6
750,6
751,2
752,3
753,2
754,4
755,5
756,2
757,3
758,7
759,1
760,4
761,5
762,2
763,1
764,2
765,7
766,1
767,2
768,1
769,1
770,4
771,2
772,4
773,4
774,6
775,1
776,6
777,4
778,2
779,5
780,6
781,2
782,7
783,3
784,4
785,8
786,3
787,6
788,3
789,6
790,4
791,2
792,3
793,3
794,1
795,1
796,3
797,1
798,2
799,5
800,5
801,5
802,3
803,7
804,4
805,2
806,2
807,5
808,2
809,4
810,9
811,1
812,1
813,9
814,4
815,2
816,7
817,7
818,4
819,4
820,2
821,1
822,4
823,3
824,5
825,6
826,1
827,4
828,2
829,6
830,2
831,4
832,4
833,3
834,5
835,5
836,4
837,5
838,8
839,3
840,4
841,1
842,6
843,4
844,3
845,1
846,7
847,3
848,5
849,2
850,8
851,2
852,2
853,6
854,7
855,2
856,4
857,5
858,6
859,3
860,4
861,5
862,5
863,6
864,4
865,1
866,7
867,6
868,6
869,1
870,2
871,5
872,1
873,8
874,3
875,5
876,7
877,3
878,3
879,4
880,4
881,3
882,4
883,7
884,4
885,2
886,3
887,3
888,2
889,2
890,5
891,3
892,8
893,2
894,1
895,5
896,7
897,2
898,2
899,2
900,4
901,4
902,2
903,1
904,4
905,8
906,5
907,4
908,1
909,2
910,3
911,5
912,6
913,7
914,8
915,8
916,8
917,1
918,2
919,3
920,4
921,1
922,6
923,4
924,4
925,2
926,2
927,2
928,6
929,4
930,5
931,3
932,3
933,3
934,5
935,5
936,2
937,7
938,2
939,7
940,4
941,6
942,9
943,5
944,7
945,7
946,6
947,8
948,9
949,9
950,6
951,7
952,6
953,6
954,5
955,9
956,9
957,8
958,7
959,7
960,7
961,7
962,7
963,5
964,5
965,9
966,7
967,9
968,5
969,7
970,5
971,6
972,3
973,4
974,9
975,6
976,8
977,7
978,7
979,7
980,5
981,9
982,8
983,8
984,7
985,5
986,9
987,6
988,3
989,6
990,8
991,8
992,8
993,8
994,5
995,9
996,7
997,8
998,1
999,9
1000,6
1001,4
1002,7
1003,5
1004,5
1005,8
1006,7
1007,9
1008,6
1009,8
1010,7
1011,8
1012,8
1013,7
1014,9
1015,6
1016,5
1017,8
1018,9
1019,3
1020,7
1021,9
1022,8
1023,9
1024,7
1025,8
1026,6
1027,9
1028,6
1029,8
1030,7
1031,7
1032,8
1033,7
1034,9
1035,7
1036,8
1037,6
1038,7
1039,7
1040,5
1041,4
1042,8
1043,8
1044,8
1045,2
1046,6
1047,5
1048,8
1049,9
1050,6
1051,8
1052,5
1053,6
1054,5
1055,3
1056,5
1057,7
1058,2
1059,4
1060,5
1061,8
1062,4
1063,2
1064,4
1065,3
1066,8
1067,3
1068,5
1069,1
1070,3
1071,6
1072,4
1073,3
1074,7
1075,6
1076,3
1077,4
1078,4
1079,4
1080,3
1081,2
1082,7
1083,7
1084,6
1085,8
1086,5
1087,5
1088,5
1089,4
1090,3
1091,2
1092,5
1093,3
1094,2
1095,4
1096,3
1097,2
1098,6
1099,6
1100,2
1101,1
1102,3
1103,6
1104,6
1105,2
1106,5
1107,1
1108,3
1109,9
1110,2
1111,2
1112,3
1113,4
1114,7
1115,8
1116,1
1117,2
1118,6
1119,2
1120,7
1121,5
1122,1
1123,6
1124,2
1125,3
1126,4
1127,4
1128,5
1129,5
1130,9
1131,9
1132,4
1133,1
1134,5
1135,8
1136,3
1137,4
1138,3
1139,1
1140,5
1141,3
1142,6
1143,6
1144,6
1145,3
1146,3
1147,5
1148,6
1149,4
1150,7
1151,2
1152,6
1153,1
1154,2
1155,4
1156,1
1157,1
1158,1
1159,6
1160,7
1161,2
1162,7
1163,8
1164,4
1165,4
1166,8
1167,8
1168,6
1169,7
1170,3
1171,5
1172,7
1173,5
1174,7
1175,6
1176,7
1177,6
1178,5
1179,4
1180,4
1181,7
1182,3
1183,3
1184,4
1185,4
1186,8
1187,5
1188,9
1189,4
1190,7
1191,6
1192,5
1193,8
1194,9
1195,8
1196,4
1197,4
1198,7
1199,5
1200,7
1201,6
1202,6
1203,8
1204,7
1205,2
1206,2
1207,6
1208,6
1209,5
1210,5
1211,7
1212,8
1213,6
1214,5
1215,5
1216,6
1217,5
1218,6
1219,7
1220,3
1221,1
1222,4
1223,8
1224,7
1225,4
1226,8
1227,6
1228,6
1229,8
1230,2
1231,4
1232,6
1233,4
1234,7
1235,4
1236,3
1237,4
1238,6
1239,4
1240,4
1241,8
1242,5
1243,5
1244,2
1245,5
1246,5
1247,6
1248,4
1249,8
1250,8
1251,3
1252,3
1253,3
1254,6
1255,4
1256,8
1257,7
1258,7
1259,6
1260,9
1261,2
1262,5
1263,5
1264,9
1265,6
1266,7
1267,4
1268,9
1269,6
1270,6
1271,9
1272,5
1273,5
1274,4
1275,2
1276,3
1277,2
1278,1
1279,6
1280,4
1281,3
1282,3
1283,3
1284,4
1285,7
1286,7
1287,3
1288,3
1289,3
1290,4
1291,4
1292,5
1293,4
1294,3
1295,3
1296,3
1297,1
1298,2
1299,5
1300,3
1301,2
1302,4
1303,5
1304,2
1305,6
1306,7
1307,4
1308,5
1309,1
1310,7
1311,3
1312,7
1313,4
1314,1
1315,1
1316,5
1317,4
1318,1
1319,5
1320,6
1321,4
1322,4
1323,1
1324,6
1325,3
1326,6
1327,3
1328,4
1329,2
1330,2
1331,5
1332,4
1333,4
1334,8
1335,8
1336,6
1337,2
1338,4
1339,6
1340,3
1341,1
1342,6
1343,4
1344,4
1345,8
1346,4
1347,3
1348,3
1349,3
1350,1
1351,6
1352,6
1353,3
1354,3
1355,6
1356,1
1357,4
1358,4
1359,5
1360,2
1361,5
1362,3
1363,4
1364,1
1365,4
1366,4
1367,2
1368,2
1369,2
1370,3
1371,1
1372,7
1373,3
1374,6
1375,8
1376,1
1377,5
1378,6
1379,4
1380,3
1381,3
1382,1
1383,4
1384,9
1385,8
1386,1
1387,5
1388,3
1389,7
1390,1
1391,7
1392,6
1393,1
1394,1
1395,6
1396,2
1397,4
1398,7
1399,4
1400,3
1401,3
1402,1
1403,8
1404,3
1405,2
1406,3
1407,8
1408,1
1409,6
1410,5
1411,6
1412,8
1413,6
1414,7
1415,2
1416,6
1417,4
1418,4
1419,7
1420,8
1421,5
1422,4
1423,3
1424,3
1425,3
1426,3
1427,1
1428,1
1429,5
1430,3
1431,7
1432,4
1433,1
1434,2
1435,2
1436,8
1437,2
1438,4
1439,7
1440,8
1441,2
1442,1
1443,2
1444,1
1445,2
1446,4
1447,7
1448,4
1449,4
1450,2
1451,6
1452,4
1453,6
1454,7
1455,3
1456,1
1457,2
1458,3
1459,7
1460,3
1461,5
1462,4
1463,2
1464,3
1465,5
1466,5
1467,3
1468,2
1469,5
1470,2
1471,7
1472,2
1473,1
1474,4
1475,4
1476,4
1477,3
1478,9
1479,4
1480,4
1481,6
1482,3
1483,6
1484,4
1485,6
1486,2
1487,9
1488,6
1489,8
1490,6
1491,3
1492,8
1493,7
1494,7
1495,6
1496,6
1497,8
1498,6
1499,5
1500,7
1501,7
1502,9
1503,5
1504,6
1505,7
1506,6
1507,7
1508,6
1509,4
1510,7
1511,4
1512,4
1513,6
1514,7
1515,8
1516,5
1517,3
1518,9
1519,4
1520,4
1521,5
1522,6
1523,8
1524,7
1525,7
1526,4
1527,5
1528,6
1529,4
1530,5
1531,5
1532,4
1533,6
1534,7
1535,3
1536,6
1537,7
1538,7
1539,7
1540,6
1541,8
1542,5
1543,5
1544,4
1545,6
1546,5
1547,5
1548,7
1549,5
1550,5
1551,4
1552,6
1553,5
1554,5
1555,4
1556,7
1557,8
1558,6
1559,7
1560,8
1561,9
1562,6
1563,8
1564,8
1565,7
1566,6
1567,3
1568,1
1569,6
1570,6
1571,5
1572,6
1573,6
1574,8
1575,3
1576,4
1577,7
1578,8
1579,9
1580,8
1581,8
1582,5
1583,5
1584,5
1585,6
1586,8
1587,5
1588,6
1589,5
1590,4
1591,4
1592,2
1593,9
1594,5
1595,8
1596,7
1597,4
1598,2
1599,6
1600,2
1601,7
1602,2
1603,5
1604,6
1605,2
1606,2
1607,8
1608,2
1609,3
1610,3
1611,2
1612,5
1613,5
1614,3
1615,6
1616,2
1617,1
1618,4
1619,9
1620,1
1621,2
1622,4
1623,6
1624,1
1625,3
1626,5
1627,3
1628,2
1629,2
1630,3
1631,4
1632,6
1633,5
1634,5
1635,8
1636,3
1637,3
1638,7
1639,2
1640,5
1641,5
1642,1
1643,4
1644,2
1645,2
1646,4
1647,3
1648,6
1649,7
1650,6
1651,2
1652,2
1653,2
1654,2
1655,7
1656,3
1657,2
1658,6
1659,3
1660,1
1661,2
1662,4
1663,6
1664,2
1665,7
1666,6
1667,6
1668,2
1669,1
1670,6
1671,3
1672,4
1673,5
1674,2
1675,6
1676,7
1677,5
1678,3
1679,6
1680,4
1681,5
1682,6
1683,5
1684,3
1685,1
1686,2
1687,4
1688,4
1689,4
1690,3
1691,6
1692,7
1693,2
1694,5
1695,5
1696,4
1697,2
1698,6
1699,8
1700,5
1701,7
1702,8
1703,3
1704,4
1705,4
1706,8
1707,1
1708,3
1709,6
1710,3
1711,6
1712,3
1713,8
1714,7
1715,3
1716,5
1717,3
1718,4
1719,5
1720,6
1721,1
1722,2
1723,5
1724,4
1725,4
1726,1
1727,3
1728,6
1729,1
1730,3
1731,7
1732,1
1733,5
1734,2
1735,6
1736,5
1737,7
1738,2
1739,4
1740,5
1741,2
1742,2
1743,1
1744,8
1745,5
1746,4
1747,5
1748,4
1749,4
1750,3
1751,5
1752,2
1753,7
1754,6
1755,3
1756,4
1757,2
1758,8
1759,7
1760,7
1761,3
1762,2
1763,2
1764,1
1765,2
1766,1
1767,8
1768,1
1769,2
1770,6
1771,4
1772,5
1773,4
1774,7
1775,4
1776,4
1777,5
1778,3
1779,3
1780,4
1781,2
1782,6
1783,2
1784,2
1785,2
1786,6
1787,3
1788,5
1789,6
1790,1
1791,5
1792,3
1793,2
1794,5
1795,7
1796,3
1797,4
1798,3
1799,4
1800,4
1801,4
1802,4
1803,2
1804,5
1805,5
1806,5
1807,1
1808,3
1809,3
1810,1
1811,2
1812,3
1813,5
1814,2
1815,6
1816,4
1817,5
1818,4
1819,4
1820,4
1821,7
1822,4
1823,4
1824,4
1825,5
1826,1
1827,4
1828,4
1829,7
1830,4
1831,4
1832,8
1833,3
1834,2
1835,2
1836,1
1837,1
1838,3
1839,5
1840,5
1841,1
1842,4
1843,2
1844,7
1845,2
1846,4
1847,3
1848,5
1849,3
1850,5
1851,2
1852,7
1853,4
1854,5
1855,6
1856,9
1857,2
1858,3
1859,2
1860,2
1861,4
1862,9
1863,9
1864,4
1865,4
1866,6
1867,7
1868,2
1869,4
1870,6
1871,3
1872,3
1873,8
1874,8
1875,7
1876,6
1877,2
1878,3
1879,4
1880,4
1881,4
1882,4
1883,3
1884,5
1885,3
1886,3
1887,2
1888,2
1889,6
1890,3
1891,2
1892,5
1893,4
1894,1
1895,3
1896,2
1897,5
1898,2
1899,1
1900,1
1901,4
1902,1
1903,6
1904,2
1905,4
1906,3
1907,3
1908,1
1909,6
1910,7
1911,1
1912,2
1913,7
1914,4
1915,2
1916,2
1917,5
1918,5
1919,4
1920,8
1921,4
1922,3
1923,4
1924,3
1925,2
1926,1
1927,3
1928,5
1929,1
1930,3
1931,5
1932,4
1933,5
1934,6
1935,5
1936,1
1937,4
1938,4
1939,2
1940,1
1941,2
1942,6
1943,6
1944,5
1945,8
1946,9
1947,5
1948,9
1949,2
1950,9
1951,9
1952,2
1953,8
1954,9
1955,9
1956,9
1957,7
1958,4
1959,8
1960,7
1961,7
1962,6
1963,7
1964,5
1965,8
1966,4
1967,8
1968,8
1969,6
1970,7
1971,6
1972,9
1973,8
1974,3
1975,2
1976,2
1977,4
1978,7
1979,5
1980,2
1981,6
1982,3
1983,6
1984,2
1985,4
1986,7
1987,2
1988,5
1989,8
1990,2
1991,1
1992,5
1993,3
1994,1
1995,4
1996,5
1997,3
